headline,date,web_url,doc_type,lead_paragraph,material_type,author,section,subsection,keywords
REVISIONS PROPOSED IN PULITZER AWARDS,1967-07-01,https://www.nytimes.com/1967/07/01/archives/revisions-proposed-in-pulitzer-awards.html,article,,Archives,,Archives,,['Vietnam']
U.S. IS SURPRISED BY KY'S DECISION; But Is Heartened by Action for Unified Junta Ticket,1967-07-01,https://www.nytimes.com/1967/07/01/archives/us-is-surprised-by-kys-decision-but-is-heartened-by-action-for.html,article,,Archives,By John W. Finney Special To the New York Times,Archives,,['Vietnam']
Newsmen of 4 Publications Barred at Saigon Briefing,1967-07-01,https://www.nytimes.com/1967/07/01/archives/newsmen-of-4-publications-barred-at-saigon-briefing.html,article,,Archives,,Archives,,"['Vietnam', 'Vietnam']"
"KY GIVES UP RACE FOR PRESIDENCY, BOWING TO JUNTA; RUNS WITH THIEU Premier Takes Second Place on Ticket for 'Good of Nation' Ky Drops Race for Presidency, Bowing to Junta",1967-07-01,https://www.nytimes.com/1967/07/01/archives/ky-gives-up-race-for-presidency-bowing-to-junta-runs-with-thieu.html,article,,Archives,By R.w. Apple Jr. Special To the New York Times,Archives,,"['Vietnam', 'Vietnam']"
Park Parachutist Is Cleared,1967-07-01,https://www.nytimes.com/1967/07/01/archives/park-parachutist-is-cleared.html,article,,Archives,,Archives,,['Vietnam']
MOSCOW CHARGES 2D U.S. RAID ON SHIP; Washington Acknowledges Planes May Have Struck Freighter at Haiphong MOSCOW CHARGES NEW SHIP ATTACK,1967-07-01,https://www.nytimes.com/1967/07/01/archives/moscow-charges-2d-us-raid-on-ship-washington-acknowledges-planes.html,article,,Archives,By Raymond H. Anderson Special To the New York Times,Archives,,"['Vietnam', 'Vietnam']"
OUSTED AIDE HITS PEACE CORPS RULES,1967-07-01,https://www.nytimes.com/1967/07/01/archives/ousted-aide-hits-peace-corps-rules.html,article,,Archives,,Archives,,['Vietnam']
Cuba Names Vietcong Envoy,1967-07-01,https://www.nytimes.com/1967/07/01/archives/cuba-names-vietcong-envoy.html,article,,Archives,,Archives,,['Vietnam']
"U.S. Bombers Attack a MIG Base Near Hanoi; 2 Planes, Caught on Field, Probably Destroyed Runways at Hoalac Are Cut, a Spokesman Reports",1967-07-01,https://www.nytimes.com/1967/07/01/archives/us-bombers-attack-a-mig-base-near-hanoi-2-planes-caught-on-field.html,article,,Archives,,Archives,,"['Vietnam', 'Vietnam']"
Washington: Galbraith on the War in Vietnam,1967-07-02,https://www.nytimes.com/1967/07/02/archives/washington-galbraith-on-the-war-in-vietnam.html,article,,Archives,By James Reston,Archives,,"['Vietnam', 'Vietnam']"
Peking Assails Kosygin,1967-07-02,https://www.nytimes.com/1967/07/02/archives/peking-assails-kosygin.html,article,,Archives,,Archives,,['Vietnam']
Aden; Britain's 'Little Vietnam',1967-07-02,https://www.nytimes.com/1967/07/02/archives/aden-britains-little-vietnam.html,article,,Archives,By Hedrick Smith,Archives,,[]
Vietnam; Political Battles May Cost More Than Military Ones,1967-07-02,https://www.nytimes.com/1967/07/02/archives/vietnam-political-battles-may-cost-more-than-military-ones.html,article,,Archives,,Archives,,[]
POLICE BRUTALITY CHARGED ON COAST; But Most in Los Angeles Hail Action on Johnson Visit,1967-07-02,https://www.nytimes.com/1967/07/02/archives/police-brutality-charged-on-coast-but-most-in-los-angeles-hail.html,article,,Archives,By Gladwin Hill Special To the New York Times,Archives,,['Vietnam']
The Week in Finance; Surge in Interest Rates Dramatizes Need for New Action by Washington,1967-07-02,https://www.nytimes.com/1967/07/02/archives/the-week-in-finance-surge-in-interest-rates-dramatizes-need-for-new.html,article,,Archives,By Thomas E. Mullaney,Archives,,['Vietnam']
NAVY PILOTS RAID HAIPHONG DEPOTS FOR A SECOND DAY; Attacks on Two Petroleum Storage Areas Near Port Set Off Explosions,1967-07-02,https://www.nytimes.com/1967/07/02/archives/navy-pilots-raid-haiphong-depots-for-a-second-day-attacks-on-two.html,article,,Archives,,Archives,,['Vietnam']
Saigon's Assembly Accepts Minh Slate; Saigon Assembly Accepts Minh Ticket,1967-07-02,https://www.nytimes.com/1967/07/02/archives/saigons-assembly-accepts-minh-slate-saigon-assembly-accepts-minh.html,article,,Archives,By R.w. Apple Jr. Special To the New York Times,Archives,,"['Vietnam', 'Vietnam']"
Westmoreland Says Morale Of the Enemy Is Declining,1967-07-02,https://www.nytimes.com/1967/07/02/archives/westmoreland-says-morale-of-the-enemy-is-declining.html,article,,Archives,,Archives,,"['Vietnam', 'Vietnam']"
"G.I.'s Who Desert Find France Precarious, Nonpolitical Haven",1967-07-02,https://www.nytimes.com/1967/07/02/archives/gis-who-desert-find-france-precarious-nonpolitical-haven.html,article,,Archives,By Richard E. Mooney Special To the New York Times,Archives,,['Vietnam']
"PEACE UP TO HANOI, KOSYGIN DECLARES; Russian, After Talks With de Gaulle, Skirts Criticism of U.S. Role in Vietnam",1967-07-02,https://www.nytimes.com/1967/07/02/archives/peace-up-to-hanoi-kosygin-declares-russian-after-talks-with-de.html,article,,Archives,By Henry Tanner Special To the New York Times,Archives,,['Vietnam']
"PARTY GOVERNORS SHIFT ON JOHNSON, SEE 1968 VICTORY; Democrats Say President's Popularity Rises--Praise Federal-State Relations PRESIDENT AT MEETING Calls Reports He Received on the Political Situation 'Music to My Ears'",1967-07-02,https://www.nytimes.com/1967/07/02/archives/party-governors-shift-on-johnson-see-1968-victory-democrats-say.html,article,,Archives,By Roy Reed Special To the New York Times,Archives,,['Vietnam']
The Johnson Campaign,1967-07-02,https://www.nytimes.com/1967/07/02/archives/the-johnson-campaign.html,article,,Archives,,Archives,,['Vietnam']
Foreign Affairs: Solar Diplomacy,1967-07-02,https://www.nytimes.com/1967/07/02/archives/foreign-affairs-solar-diplomacy.html,article,,Archives,By C.l. Sulzberger,Archives,,['Vietnam']
RUSSIAN EXPORTS TO HANOI DECLINE; U.N. Statistics Show Trade Is Off 10% in a Year,1967-07-02,https://www.nytimes.com/1967/07/02/archives/russian-exports-to-hanoi-decline-un-statistics-show-trade-is-off-10.html,article,,Archives,By Harry Schwartz,Archives,,['Vietnam']
"Pellets Found, Soviet Says",1967-07-02,https://www.nytimes.com/1967/07/02/archives/pellets-found-soviet-says.html,article,,Archives,,Archives,,['Vietnam']
Humphrey Gives U.S. View,1967-07-02,https://www.nytimes.com/1967/07/02/archives/humphrey-gives-us-view.html,article,,Archives,,Archives,,['Vietnam']
"Saga of the Paraplegics; 57 Vietnamese, Military Victims of War, Undergo Rehabilitation in U.S.",1967-07-02,https://www.nytimes.com/1967/07/02/archives/saga-of-the-paraplegics-57-vietnamese-military-victims-of-war.html,article,,Archives,"By Howard A. Rusk, M.d",Archives,,['Vietnam']
REPORT DESCRIBES AMERICAN P.O.W.'S; Polish Writer Says He Saw interrogation in Hanoi,1967-07-03,https://www.nytimes.com/1967/07/03/archives/report-describes-american-pows-polish-writer-says-he-saw.html,article,,Archives,,Archives,,['Vietnam']
Joint Chiefs Back Troop Rise Asked By Westmoreland; JOINT CHIEFS BACK VIETNAM BUILD-UP,1967-07-03,https://www.nytimes.com/1967/07/03/archives/joint-chiefs-back-troop-rise-asked-by-westmoreland-joint-chiefs.html,article,,Archives,By Neil Sheehan Special To the New York Times,Archives,,"['Vietnam', 'Vietnam']"
Letters to the Editor of The Times,1967-07-03,https://www.nytimes.com/1967/07/03/archives/letters-to-the-editor-of-the-times.html,article,,Archives,,Archives,,['Vietnam']
51 MARINES KILLED IN FIERCE BATTLE NEAR BUFFER ZONE; 170 Wounded at Conthien and 34 Are Missing-- Fighting Is in 2d Day,1967-07-03,https://www.nytimes.com/1967/07/03/archives/51-marines-killed-in-fierce-battle-near-buffer-zone-170-wounded-at.html,article,,Archives,By Tom Buckley Special To the New York Times,Archives,,"['Vietnam', 'Vietnam', 'Vietnam', 'Vietnam']"
Freeing Vietnam's Press,1967-07-03,https://www.nytimes.com/1967/07/03/archives/freeing-vietnams-press.html,article,,Archives,,Archives,,"['Vietnam', 'Vietnam']"
Fashion Inspired by the Vietnamese,1967-07-03,https://www.nytimes.com/1967/07/03/archives/fashion-inspired-by-the-vietnamese.html,article,,Archives,By Judy Klemesrud,Archives,,[]
NEWSWEEK PRINTS ISSUE ON VIETNAM; Magazine Assesses Impact of the Conflict on U.S.,1967-07-03,https://www.nytimes.com/1967/07/03/archives/newsweek-prints-issue-on-vietnam-magazine-assesses-impact-of-the.html,article,,Archives,,Archives,,['Vietnam']
Mao Is Called Incompetent In Article in Soviet Paper,1967-07-04,https://www.nytimes.com/1967/07/04/archives/mao-is-called-incompetent-in-article-in-soviet-paper.html,article,,Archives,,Archives,,['Vietnam']
U.S. Marines Catch Big Enemy Force; Artillery Kills 75; ENEMY IN VIETNAM POUNDS U.S. BASES,1967-07-04,https://www.nytimes.com/1967/07/04/archives/us-marines-catch-big-enemy-force-artillery-kills-75-enemy-in.html,article,,Archives,,Archives,,"['Vietnam', 'Vietnam']"
"In The Nation: Peace, It's Wonderful",1967-07-04,https://www.nytimes.com/1967/07/04/archives/in-the-nation-peace-its-wonderful.html,article,,Archives,By Tom Wicker,Archives,,['Vietnam']
House Red Inquiry Links Communists To Antiwar Rallies,1967-07-04,https://www.nytimes.com/1967/07/04/archives/house-red-inquiry-links-communists-to-antiwar-rallies.html,article,,Archives,,Archives,,['Vietnam']
3 U.S. Planes Downed,1967-07-04,https://www.nytimes.com/1967/07/04/archives/3-us-planes-downed.html,article,,Archives,,Archives,,['Vietnam']
Vietnam War Foes Indicted,1967-07-04,https://www.nytimes.com/1967/07/04/archives/vietnam-war-foes-indicted.html,article,,Archives,,Archives,,['Vietnam']
Civilian Candidates Denounce Thieu-Ky Ticket; A Rival Calls Military Team Illegal Another Bids Chief of State Quit His Post,1967-07-04,https://www.nytimes.com/1967/07/04/archives/civilian-candidates-denounce-thieuky-ticket-a-rival-calls-military.html,article,,Archives,,Archives,,['Vietnam']
Military Frustration; Some Pentagon Aides Feel Objectives In Vietnam Exceed Present U.S. Capacity,1967-07-04,https://www.nytimes.com/1967/07/04/archives/military-frustration-some-pentagon-aides-feel-objectives-in-vietnam.html,article,,Archives,By Neil Sheehan Special To the New York Times,Archives,,"['Vietnam', 'Vietnam', 'Vietnam']"
Beautification: Planners Fear Vietnam Will Drain Urban Grants; Rising Competition for Funds Is Felt Across Country,1967-07-04,https://www.nytimes.com/1967/07/04/archives/beautification-planners-fear-vietnam-will-drain-urban-grants-rising.html,article,,Archives,By Nan Robertson Special To the New York Times,Archives,,[]
ANTIWAR PROTEST IS HELD IN LEXINGTON,1967-07-05,https://www.nytimes.com/1967/07/05/archives/antiwar-protest-is-held-in-lexington.html,article,,Archives,,Archives,,['Vietnam']
Search for Dead Is Slowed,1967-07-05,https://www.nytimes.com/1967/07/05/archives/search-for-dead-is-slowed.html,article,,Archives,By Tom Buckley Special To the New York Times,Archives,,"['Vietnam', 'Vietnam', 'Vietnam', 'Vietnam', 'Vietnam']"
POMPIDOU IN MOSCOW MEETS WITH KOSYGIN,1967-07-05,https://www.nytimes.com/1967/07/05/archives/pompidou-in-moscow-meets-with-kosygin.html,article,,Archives,,Archives,,['Vietnam']
TV: Glimpse of the G.I. Under Stress; French Documentary Show on C.B.S Interruptions for ads spoil the mood,1967-07-05,https://www.nytimes.com/1967/07/05/archives/tv-glimpse-of-the-gi-under-stress-french-documentary-show-on-cbs.html,article,,Archives,By Jack Gould,Archives,,"['Vietnam', 'Vietnam']"
Candidate Urges Cease-Fire,1967-07-05,https://www.nytimes.com/1967/07/05/archives/candidate-urges-ceasefire.html,article,,Archives,,Archives,,['Vietnam']
15 MARINES KILLED NEAR BUFFER ZONE; U.S. Positions Are Shelled 8 Times-Navy Jets Raid MIG Airfield in North 15 Marines Die in 8 Shellings Near Buffer Zone,1967-07-05,https://www.nytimes.com/1967/07/05/archives/15-marines-killed-near-buffer-zone-us-positions-are-shelled-8.html,article,,Archives,,Archives,,"['Vietnam', 'Vietnam', 'Vietnam']"
Gen. Minh Is Said to Bar Return for Campaign Without Saigon's Permission,1967-07-05,https://www.nytimes.com/1967/07/05/archives/gen-minh-is-said-to-bar-return-for-campaign-without-saigons.html,article,,Archives,By R.w. Apple Jr. Special To the New York Times,Archives,,['Vietnam']
U.S. to Test Jet in Vietnam in Close-Air-Support Role,1967-07-06,https://www.nytimes.com/1967/07/06/archives/us-to-test-jet-in-vietnam-in-closeairsupport-role.html,article,,Archives,,Archives,,['Vietnam']
Hanoi Report Unconfirmed,1967-07-06,https://www.nytimes.com/1967/07/06/archives/hanoi-report-unconfirmed.html,article,,Archives,,Archives,,['Vietnam']
NEW SOVIET WEAPON AIDS NORTH VIETNAM,1967-07-06,https://www.nytimes.com/1967/07/06/archives/new-soviet-weapon-aids-north-vietnam.html,article,,Archives,,Archives,,['Vietnam']
Fund for 10 Liberal Senators Hits 'Six Figures',1967-07-06,https://www.nytimes.com/1967/07/06/archives/fund-for-10-liberal-senators-hits-six-figures.html,article,,Archives,By Clayton Knowles,Archives,,['Vietnam']
MARINES RECOVER AMBRUSH VICTIMS; 35 Bodies Are Found Near Buffer Zone in VietnamU.S. Loss in Clash Is 85,1967-07-06,https://www.nytimes.com/1967/07/06/archives/marines-recover-ambrush-victims-35-bodies-are-found-near-buffer.html,article,,Archives,By Tom Buckley Special To the New York Times,Archives,,"['Vietnam', 'Vietnam']"
Mitsui Sights U.S. Sales Surge; Sony Stock Purchases Curbed; Rise of 15% Expected,1967-07-06,https://www.nytimes.com/1967/07/06/archives/mitsui-sights-us-sales-surge-sony-stock-purchases-curbed-rise-of-15.html,article,,Archives,By Gerd Wilcke,Archives,,['Vietnam']
Missile Sets Village Afire,1967-07-06,https://www.nytimes.com/1967/07/06/archives/missile-sets-village-afire.html,article,,Archives,,Archives,,['Vietnam']
Area Men Dead in Vietnam Are Listed by the Pentagon,1967-07-06,https://www.nytimes.com/1967/07/06/archives/area-men-dead-in-vietnam-are-listed-by-the-pentagon.html,article,,Archives,,Archives,,[]
McNamara Reports $914-Million Saved; Leaves for Vietnam; M'NAMARA HAILS DEFENSE SAVINGS,1967-07-06,https://www.nytimes.com/1967/07/06/archives/mcnamara-reports-914million-saved-leaves-for-vietnam-mnamara-hails.html,article,,Archives,By Neil Sheehan Special To the New York Times,Archives,,['Vietnam']
Saigon Sets Election Date,1967-07-06,https://www.nytimes.com/1967/07/06/archives/saigon-sets-election-date.html,article,,Archives,,Archives,,['Vietnam']
'CLANDESTINE' TRIP THREATENED BY MINH.,1967-07-06,https://www.nytimes.com/1967/07/06/archives/clandestine-trip-threatened-by-minh.html,article,,Archives,,Archives,,['Vietnam']
Saigon Writer Held a Month on Vague charges; U.S. Aides See Bona Fide Case on Links to the Vietcong but Many Doubts Are Voiced,1967-07-06,https://www.nytimes.com/1967/07/06/archives/saigon-writer-held-a-month-on-vague-charges-us-aides-see-bona-fide.html,article,,Archives,By Bernard Weinraub Special To the New York Times,Archives,,['Vietnam']
B-52's Make Seven Raids,1967-07-06,https://www.nytimes.com/1967/07/06/archives/b52s-make-seven-raids.html,article,,Archives,,Archives,,['Vietnam']
General Denies a Defeat,1967-07-07,https://www.nytimes.com/1967/07/07/archives/general-denies-a-defeat.html,article,,Archives,,Archives,,"['Vietnam', 'Vietnam', 'Vietnam', 'Vietnam']"
McNamara Arrives in Saigon to Study War Effort; His Conclusions Expected to Affect Strategic Plans-- Troop Levels a Topic,1967-07-07,https://www.nytimes.com/1967/07/07/archives/mcnamara-arrives-in-saigon-to-study-war-effort-his-conclusions.html,article,,Archives,By R.w. Apple Jr. Special To the New York Times,Archives,,"['Vietnam', 'Vietnam', 'Vietnam']"
B-52's In Record Raids,1967-07-07,https://www.nytimes.com/1967/07/07/archives/b52s-in-record-raids.html,article,,Archives,,Archives,,"['Vietnam', 'Vietnam']"
U.S. Groups Urged To Have Observers At Vietnam Election,1967-07-07,https://www.nytimes.com/1967/07/07/archives/us-groups-urged-to-have-observers-at-vietnam-election.html,article,,Archives,,Archives,,"['Vietnam', 'Vietnam']"
2 G.I.'S IN PROTEST GET SENTENCES CUT,1967-07-07,https://www.nytimes.com/1967/07/07/archives/2-gis-in-protest-get-sentences-cut.html,article,,Archives,,Archives,,['Vietnam']
Lions Club Delegates Flail Rusk Hecklers,1967-07-07,https://www.nytimes.com/1967/07/07/archives/lions-club-delegates-flail-rusk-hecklers.html,article,,Archives,,Archives,,"['Vietnam', 'Vietnam']"
JOHNSON CONSIDERS WAR TALKS ABROAD,1967-07-07,https://www.nytimes.com/1967/07/07/archives/johnson-considers-war-talks-abroad.html,article,,Archives,,Archives,,['Vietnam']
Peace Groups Open Vietnam Talks,1967-07-07,https://www.nytimes.com/1967/07/07/archives/peace-groups-open-vietnam-talks.html,article,,Archives,,Archives,,['Vietnam']
"JOINT PANEL SEES WAR COAST SOARING; Congressional Body Fears Estimates Are Off Again, Perhaps by $6-Billion",1967-07-07,https://www.nytimes.com/1967/07/07/archives/joint-panel-sees-war-coast-soaring-congressional-body-fears.html,article,,Archives,By Edwin L. Dale Jr. Special To the New York Times,Archives,,['Vietnam']
G.I. KILLED IN CHARGE WINS HIGHEST MEDAL,1967-07-07,https://www.nytimes.com/1967/07/07/archives/gi-killed-in-charge-wins-highest-medal.html,article,,Archives,,Archives,,['Vietnam']
CAPTAIN LEVY LOSES,1967-07-07,https://www.nytimes.com/1967/07/07/archives/captain-levy-loses.html,article,,Archives,,Archives,,['Vietnam']
Terrorists Begin Attacks,1967-07-07,https://www.nytimes.com/1967/07/07/archives/terrorists-begin-attacks.html,article,,Archives,,Archives,,['Vietnam']
ROCKWELL KENT GIFT SENT TO VIETCONG,1967-07-07,https://www.nytimes.com/1967/07/07/archives/rockwell-kent-gift-sent-to-vietcong.html,article,,Archives,,Archives,,['Vietnam']
Two B-52's Collide And Crash Into Sea On Way to Vietnam; Two B-52's Collide and Fall Into South China Sea,1967-07-07,https://www.nytimes.com/1967/07/07/archives/two-b52s-collide-and-crash-into-sea-on-way-to-vietnam-two-b52s.html,article,,Archives,,Archives,,['Vietnam']
Letters to the Editor of the Times,1967-07-08,https://www.nytimes.com/1967/07/08/archives/letters-to-the-editor-of-the-times.html,article,,Archives,,Archives,,['Vietnam']
SOVIET ASSURES U.S. ON CONSULS; Said at Glassboro Meeting it Would Ratify Treaty,1967-07-08,https://www.nytimes.com/1967/07/08/archives/soviet-assures-us-on-consuls-said-at-glassboro-meeting-it-would.html,article,,Archives,,Archives,,['Vietnam']
"WESTMORELAND ASKS M'NAMARA FOR MORE TROOPS; Says U.S. Forces Are Slowly Winning War but Must 'Step Up the Pressure' THEY CONFER IN SAIGON No Specific Figures Given on Manpower Request-- Believed to Be 100,000",1967-07-08,https://www.nytimes.com/1967/07/08/archives/westmoreland-asks-mnamara-for-more-troops-says-us-forces-are-slowly.html,article,,Archives,By R.w. Apple Jr. Special To the New York Times,Archives,,"['Vietnam', 'Vietnam', 'Vietnam', 'Vietnam']"
Capt. Levy Loses Second Bid For Freedom Pending Appeal,1967-07-08,https://www.nytimes.com/1967/07/08/archives/capt-levy-loses-second-bid-for-freedom-pending-appeal.html,article,,Archives,,Archives,,['Vietnam']
150 of Enemy Die In Vietnam Battle; 150 North Vietnamese Die in Battle Near Border,1967-07-08,https://www.nytimes.com/1967/07/08/archives/150-of-enemy-die-in-vietnam-battle-150-north-vietnamese-die-in.html,article,,Archives,By Tom Buckley Special To the New York Times,Archives,,['Vietnam']
General Is Among 6 Missing After B-52's Collide; 7 Crew Members Rescued Off Coast of Vietnam,1967-07-08,https://www.nytimes.com/1967/07/08/archives/general-is-among-6-missing-after-b52s-collide-7-crew-members.html,article,,Archives,,Archives,,['Vietnam']
MIG Base Attacked; Special to The New York Times,1967-07-08,https://www.nytimes.com/1967/07/08/archives/mig-base-attacked-special-to-the-new-york-times.html,article,,Archives,,Archives,,['Vietnam']
Candidate for Presidency Accused by Saigon Police,1967-07-08,https://www.nytimes.com/1967/07/08/archives/candidate-for-presidency-accused-by-saigon-police.html,article,,Archives,,Archives,,['Vietnam']
Victims of Vietnam War Are Identified by Pentagon,1967-07-08,https://www.nytimes.com/1967/07/08/archives/victims-of-vietnam-war-are-identified-by-pentagon.html,article,,Archives,,Archives,,[]
"Chicago Ex-Priest, Defector to Soviet, Now Back in U.S.",1967-07-08,https://www.nytimes.com/1967/07/08/archives/chicago-expriest-defector-to-soviet-now-back-in-us.html,article,,Archives,,Archives,,['Vietnam']
Ky to Discuss Northern Area,1967-07-08,https://www.nytimes.com/1967/07/08/archives/ky-to-discuss-northern-area.html,article,,Archives,,Archives,,['Vietnam']
LUTHERAN BATTLE ON VIETNAM SEEN; Motion is Expected at Missouri Synod Meeting,1967-07-08,https://www.nytimes.com/1967/07/08/archives/lutheran-battle-on-vietnam-seen-motion-is-expected-at-missouri.html,article,,Archives,By George Dugan,Archives,,['Vietnam']
PEACE CANDIDATE A SAIGON TARGET; Ky Aides Step Up Attacks on Cease-Fire Advocate,1967-07-09,https://www.nytimes.com/1967/07/09/archives/peace-candidate-a-saigon-target-ky-aides-step-up-attacks-on.html,article,,Archives,By R.w. Apple Jr. Special To the New York Times,Archives,,['Vietnam']
Vietnam; How Much to Hold the Initiative? ,1967-07-09,https://www.nytimes.com/1967/07/09/archives/vietnam-how-much-to-hold-the-initiative.html,article,,Archives,,Archives,,[]
Peruvian Minister Resigns,1967-07-09,https://www.nytimes.com/1967/07/09/archives/peruvian-minister-resigns.html,article,,Archives,,Archives,,['Vietnam']
FRANCE AND SOVIET AGREE ON MIDEAST,1967-07-09,https://www.nytimes.com/1967/07/09/archives/france-and-soviet-agree-on-mideast.html,article,,Archives,,Archives,,['Vietnam']
Letters to the Editor of The Times,1967-07-09,https://www.nytimes.com/1967/07/09/archives/letters-to-the-editor-of-the-times.html,article,,Archives,,Archives,,"['Vietnam', 'Vietnam']"
SUPPORT GROWING FOR HIGHER TAXES; Some Businessmen Believe Increase Is Needed Now to Offset U.S. Deficit ROLE IN VIETNAM CITED War Cost Cited in Reluctant Softening of Opposition  Many Still Undecided Some Reluctant Support Is Seen for Increased Taxes Business Sights Need to Offset U.S. Deficit Cost of Vietnam War Is Factor in Viewpoint,1967-07-09,https://www.nytimes.com/1967/07/09/archives/support-growing-for-higher-taxes-some-businessmen-believe-increase.html,article,,Archives,By Robert A. Wright,Archives,,[]
THE COMPANY C.O. HAS WIDER SCOPE; New Functions in Vietnam Reflect Tactical Change,1967-07-09,https://www.nytimes.com/1967/07/09/archives/the-company-co-has-wider-scope-new-functions-in-vietnam-reflect.html,article,,Archives,By Bernard Weinraub Special To the New York Times,Archives,,['Vietnam']
HANOI LOSSES PUT AT 505 IN 2 DAYS; McNamara Continues Talks in Saigon 5 Crewmen Killed in B-52 Crash HANOI LOSSES PUT AT 505 IN 2 DAYS,1967-07-09,https://www.nytimes.com/1967/07/09/archives/hanoi-losses-put-at-505-in-2-days-mcnamara-continues-talks-in.html,article,,Archives,,Archives,,"['Vietnam', 'Vietnam', 'Vietnam', 'Vietnam', 'Vietnam', 'Vietnam', 'Vietnam']"
HANOI IS SAID TO SET 3 TERMS FOR TALKS,1967-07-09,https://www.nytimes.com/1967/07/09/archives/hanoi-is-said-to-set-3-terms-for-talks.html,article,,Archives,,Archives,,['Vietnam']
In The Nation: The Grapevine From Saigon,1967-07-09,https://www.nytimes.com/1967/07/09/archives/in-the-nation-the-grapevine-from-saigon.html,article,,Archives,By Tom Wicker,Archives,,['Vietnam']
2 Vietnam Veterans Accused of Robbing A Civilian in Street,1967-07-10,https://www.nytimes.com/1967/07/10/archives/2-vietnam-veterans-accused-of-robbing-a-civilian-in-street.html,article,,Archives,,Archives,,[]
McNamara Takes 2d Trip,1967-07-10,https://www.nytimes.com/1967/07/10/archives/mcnamara-takes-2d-trip.html,article,,Archives,,Archives,,['Vietnam']
U.S. Troop Billet Attack,1967-07-10,https://www.nytimes.com/1967/07/10/archives/us-troop-billet-attack.html,article,,Archives,,Archives,,"['Vietnam', 'Vietnam', 'Vietnam']"
Saigon Facility Dedicated,1967-07-10,https://www.nytimes.com/1967/07/10/archives/saigon-facility-dedicated.html,article,,Archives,,Archives,,['Vietnam']
M'NAMARA VIEWS ACTION IN VIETNAM; Flies in Copter Near Buffer Zone--Expects Pounding of Enemy to Continue.,1967-07-10,https://www.nytimes.com/1967/07/10/archives/mnamara-views-action-in-vietnam-flies-in-copter-near-buffer.html,article,,Archives,By Bernard Weinraub Special To the New York Times,Archives,,"['Vietnam', 'Vietnam']"
Soviet Ship Leaves Vietnam,1967-07-10,https://www.nytimes.com/1967/07/10/archives/soviet-ship-leaves-vietnam.html,article,,Archives,,Archives,,['Vietnam']
MARINE RESERVISTS FIGHT PEACE PICKETS,1967-07-10,https://www.nytimes.com/1967/07/10/archives/marine-reservists-fight-peace-pickets.html,article,,Archives,,Archives,,['Vietnam']
Komer's Critics Concede Gain In Vietnam Pacification Drive; Say He Is Off to Good Start in His First Two Months on the Job,1967-07-10,https://www.nytimes.com/1967/07/10/archives/komers-critics-concede-gain-in-vietnam-pacification-drive-say-he-is.html,article,,Archives,By R.w. Apple Jr. Special To the New York Times,Archives,,['Vietnam']
Peace Candidate Lays Smear Campaign to Ky,1967-07-10,https://www.nytimes.com/1967/07/10/archives/peace-candidate-lays-smear-campaign-to-ky.html,article,,Archives,,Archives,,['Vietnam']
Freeman Rebuts Iowan on Vietnam,1967-07-11,https://www.nytimes.com/1967/07/11/archives/freeman-rebuts-iowan-on-vietnam.html,article,,Archives,By Nan Robertson Special To the New York Times,Archives,,['Vietnam']
Article 2 -- No Title,1967-07-11,https://www.nytimes.com/1967/07/11/archives/article-2-no-title.html,article,,Archives,,Archives,,['Vietnam']
DR. KING'S GROUP TO RESTUDY ROLE; To Decide Whether It Will Enter Partisan Politics,1967-07-11,https://www.nytimes.com/1967/07/11/archives/dr-kings-group-to-restudy-role-to-decide-whether-it-will-enter.html,article,,Archives,By Donald Janson Special To the New York Times,Archives,,['Vietnam']
New Zealand Denies Bid,1967-07-11,https://www.nytimes.com/1967/07/11/archives/new-zealand-denies-bid.html,article,,Archives,,Archives,,['Vietnam']
8 IN G.O.P. PROPOSE PHASING OUT WAR; Representatives Would Halt Bombing in 5 Steps if Hanoi De-escalated,1967-07-11,https://www.nytimes.com/1967/07/11/archives/8-in-gop-propose-phasing-out-war-representatives-would-halt-bombing.html,article,,Archives,,Archives,,"['Vietnam', 'Vietnam']"
McNamara Said to Doubt Sharp Build-Up by Enemy; M'NAMARA DOUBT ON FOE REPORTED,1967-07-11,https://www.nytimes.com/1967/07/11/archives/mcnamara-said-to-doubt-sharp-buildup-by-enemy-mnamara-doubt-on-foe.html,article,,Archives,,Archives,,"['Vietnam', 'Vietnam', 'Vietnam', 'Vietnam']"
26 AMERICANS DIE IN VIETNAM CLASH; 6 Enemy Bodies Are Found After Battle in Highlands,1967-07-11,https://www.nytimes.com/1967/07/11/archives/26-americans-die-in-vietnam-clash-6-enemy-bodies-are-found-after.html,article,,Archives,,Archives,,"['Vietnam', 'Vietnam', 'Vietnam', 'Vietnam', 'Vietnam']"
Peace Corps Bars Penalty For 5 Who Protested War,1967-07-11,https://www.nytimes.com/1967/07/11/archives/peace-corps-bars-penalty-for-5-who-protested-war.html,article,,Archives,,Archives,,['Vietnam']
ROMNEY PROPOSES A REIN ON BOMBING; Bids U.S. Focus on Supply Routes to South Vietnam,1967-07-12,https://www.nytimes.com/1967/07/12/archives/romney-proposes-a-rein-on-bombing-bids-us-focus-on-supply-routes-to.html,article,,Archives,,Archives,,"['Vietnam', 'Vietnam', 'Vietnam', 'Vietnam', 'Vietnam', 'Vietnam']"
WAYNE FILES SUIT AGAINST DRESSER; Moves to Enjoin Company From Seeking Its Stock,1967-07-12,https://www.nytimes.com/1967/07/12/archives/wayne-files-suit-against-dresser-moves-to-enjoin-company-from.html,article,,Archives,,Archives,,['Vietnam']
AMMUNITION CURBS IMPOSED IN TRAINING,1967-07-12,https://www.nytimes.com/1967/07/12/archives/ammunition-curbs-imposed-in-training.html,article,,Archives,,Archives,,['Vietnam']
Glens Falls and War; Recruiters Find Waiting Lists of Volunteers Despite Casualty Record,1967-07-12,https://www.nytimes.com/1967/07/12/archives/glens-falls-and-war-recruiters-find-waiting-lists-of-volunteers.html,article,,Archives,By Ralph Blumenthal Special To the New York Times,Archives,,['Vietnam']
Washington: The Echoes of Isolation,1967-07-12,https://www.nytimes.com/1967/07/12/archives/washington-the-echoes-of-isolation.html,article,,Archives,By James Reston,Archives,,['Vietnam']
Shift in Position Seen,1967-07-12,https://www.nytimes.com/1967/07/12/archives/shift-in-position-seen.html,article,,Archives,,Archives,,['Vietnam']
HAWK-DOVE SPLIT CONFRONTS SOVIET; Diplomats Expect Struggle on Policy to Continue,1967-07-12,https://www.nytimes.com/1967/07/12/archives/hawkdove-split-confronts-soviet-diplomats-expect-struggle-on-policy.html,article,,Archives,By Harrison E. Salisbury Special To the New York Times,Archives,,['Vietnam']
"M'NAMARA HINTS HE'LL HOLD DOWN TROOP INCREASE; Indicates, at End of Saigon Visit, He Favors Sending Fewer Men Than Asked",1967-07-12,https://www.nytimes.com/1967/07/12/archives/mnamara-hints-hell-hold-down-troop-increase-indicates-at-end-of.html,article,,Archives,By R.w. Apple Jr. Special To the New York Times,Archives,,"['Vietnam', 'Vietnam', 'Vietnam']"
Suez Canal Is Blocked at 3 Points,1967-07-12,https://www.nytimes.com/1967/07/12/archives/suez-canal-is-blocked-at-3-points.html,article,,Archives,,Archives,,['Vietnam']
Westmoreland Gives a Lift to G.I. to Attend Funeral,1967-07-12,https://www.nytimes.com/1967/07/12/archives/westmoreland-gives-a-lift-to-gi-to-attend-funeral.html,article,,Archives,,Archives,,"['Vietnam', 'Vietnam']"
Moscow's Choices,1967-07-12,https://www.nytimes.com/1967/07/12/archives/moscows-choices.html,article,,Archives,,Archives,,['Vietnam']
Ten Area Men Are Listed As Dead in Vietnam War,1967-07-12,https://www.nytimes.com/1967/07/12/archives/ten-area-men-are-listed-as-dead-in-vietnam-war.html,article,,Archives,,Archives,,[]
Mansfield Fears A New World War 'Incubates' in Asia; Mansfield Fears New World War in Asia Conflict,1967-07-12,https://www.nytimes.com/1967/07/12/archives/mansfield-fears-a-new-world-war-incubates-in-asia-mansfield-fears.html,article,,Archives,By E.w. Kenworthy Special To the New York Times,Archives,,"['Vietnam', 'Vietnam', 'Vietnam']"
Saigon Election Draft Voted,1967-07-12,https://www.nytimes.com/1967/07/12/archives/saigon-election-draft-voted.html,article,,Archives,,Archives,,['Vietnam']
SAIGON'S MEN SAY THEY BEAT OFF FOE; 116 Bodies Reported Found After Assault on Camp,1967-07-12,https://www.nytimes.com/1967/07/12/archives/saigons-men-say-they-beat-off-foe-116-bodies-reported-found-after.html,article,,Archives,,Archives,,['Vietnam']
Officials in U.S. Irked by Report Of Low Ratio of Combat Troops,1967-07-13,https://www.nytimes.com/1967/07/13/archives/officials-in-us-irked-by-report-of-low-ratio-of-combat-troops.html,article,,Archives,By Neil Sheehan Special To the New York Times,Archives,,"['Vietnam', 'Vietnam']"
35 AMERICANS DIE IN VIETNAM CLASH; 31 Soldiers Are Wounded Near Cambodia Border,1967-07-13,https://www.nytimes.com/1967/07/13/archives/35-americans-die-in-vietnam-clash-31-soldiers-are-wounded-near.html,article,,Archives,,Archives,,"['Vietnam', 'Vietnam', 'Vietnam']"
"M'NAMARA SEES NO RESERVE CALL FOR VIETNAM WAR; Back From Trip, He Refuses to Set Troop Maximum-- Meets With President",1967-07-13,https://www.nytimes.com/1967/07/13/archives/mnamara-sees-no-reserve-call-for-vietnam-war-back-from-trip-he.html,article,,Archives,By Max Frankel Special To the New York Times,Archives,,"['Vietnam', 'Vietnam']"
China Says Jet Fire Hit 4 Border Guards; PEKING CHARGES A BORDER ATTACK,1967-07-13,https://www.nytimes.com/1967/07/13/archives/china-says-jet-fire-hit-4-border-guards-peking-charges-a-border.html,article,,Archives,,Archives,,['Vietnam']
32 Men Killed in Vietnam Are Identified by Pentagon,1967-07-13,https://www.nytimes.com/1967/07/13/archives/32-men-killed-in-vietnam-are-identified-by-pentagon.html,article,,Archives,,Archives,,[]
WILKINS FOES ASK MORE MILITANCY; Seek N.A.A.C.P. Debate on Black Power and War,1967-07-13,https://www.nytimes.com/1967/07/13/archives/wilkins-foes-ask-more-militancy-seek-naacp-debate-on-black-power.html,article,,Archives,By M.s. Handler Special To the New York Times,Archives,,['Vietnam']
THIEU IS CAUTIOUS ON A FULL CALL-UP; Says It Would Be Harmful to Vietnamese Economy,1967-07-13,https://www.nytimes.com/1967/07/13/archives/thieu-is-cautious-on-a-full-callup-says-it-would-be-harmful-to.html,article,,Archives,By Tom Buckley Special To the New York Times,Archives,,"['Vietnam', 'Vietnam', 'Vietnam', 'Vietnam', 'Vietnam', 'Vietnam', 'Vietnam']"
Safety of Roads in Vietnam Held Debatable Issue; Different Interpretations Are Placed on the Statisics Supplied by Military,1967-07-13,https://www.nytimes.com/1967/07/13/archives/safety-of-roads-in-vietnam-held-debatable-issue-different.html,article,,Archives,By R.w. Apple Jr. Special To the New York Times,Archives,,['Vietnam']
New Operation Begins,1967-07-13,https://www.nytimes.com/1967/07/13/archives/new-operation-begins.html,article,,Archives,,Archives,,['Vietnam']
Hanoi Said to Call Envoys,1967-07-13,https://www.nytimes.com/1967/07/13/archives/hanoi-said-to-call-envoys.html,article,,Archives,,Archives,,['Vietnam']
U.S. Seen 'at End of Rope',1967-07-14,https://www.nytimes.com/1967/07/14/archives/us-seen-at-end-of-rope.html,article,,Archives,,Archives,,['Vietnam']
SECOND JUDGE QUITS QUAKERS ON VIETNAM,1967-07-14,https://www.nytimes.com/1967/07/14/archives/second-judge-quits-quakers-on-vietnam.html,article,,Archives,,Archives,,['Vietnam']
U.S. AGAIN RAIDING THE BUFFER ZONE; B-52's Strike Three Times After Two-Month Lull,1967-07-14,https://www.nytimes.com/1967/07/14/archives/us-again-raiding-the-buffer-zone-b52s-strike-three-times-after.html,article,,Archives,By Tom Buckley Special To the New York Times,Archives,,"['Vietnam', 'Vietnam', 'Vietnam', 'Vietnam', 'Vietnam']"
Captive U.S. Flier Denies Being Brainwashed; North Vietnam Lets Stratton Have Two American Visitors Naval Pilot Had Been Depicted in Photo as Bowing Like Robot,1967-07-14,https://www.nytimes.com/1967/07/14/archives/captive-us-flier-denies-being-brainwashed-north-vietnam-lets.html,article,,Archives,By Werner Wiskari,Archives,,['Vietnam']
Washington: The Conversation Gap on Vietnam,1967-07-14,https://www.nytimes.com/1967/07/14/archives/washington-the-conversation-gap-on-vietnam.html,article,,Archives,By James Reston,Archives,,[]
GENERALS AGREE WITH PRESIDENT ON BUILD-UP ISSUE; Wheeler and Westmoreland Support Modest Increase of Forces in Vietnam M'NAMARA IS AT MEETING Troop 'Balance' Called Goal  B-52 Raids Resumed in the Buffer Zone JOHNSON BACKED BY TOP GENERALS,1967-07-14,https://www.nytimes.com/1967/07/14/archives/generals-agree-with-president-on-buildup-issue-wheeler-and.html,article,,Archives,By Max Frankel Special To the New York Times,Archives,,"['Vietnam', 'Vietnam', 'Vietnam']"
Eaton Relates Opinion Of Kosygin on Vietnam,1967-07-14,https://www.nytimes.com/1967/07/14/archives/eaton-relates-opinion-of-kosygin-on-vietnam.html,article,,Archives,,Archives,,['Vietnam']
Vietnam Casualties Listed,1967-07-14,https://www.nytimes.com/1967/07/14/archives/vietnam-casualties-listed.html,article,,Archives,,Archives,,[]
MARINES WEARY NEAR BUFFER ZONE; Far-Off Guns Taking Toll in Men and Morale,1967-07-14,https://www.nytimes.com/1967/07/14/archives/marines-weary-near-buffer-zone-faroff-guns-taking-toll-in-men-and.html,article,,Archives,By Bernard Weinraub Special To the New York Times,Archives,,['Vietnam']
Anguillan Leader Arrives; Seeks Talks With Johnson,1967-07-15,https://www.nytimes.com/1967/07/15/archives/anguillan-leader-arrives-seeks-talks-with-johnson.html,article,,Archives,,Archives,,['Vietnam']
Vietcong Attack Jail,1967-07-15,https://www.nytimes.com/1967/07/15/archives/vietcong-attack-jail.html,article,,Archives,,Archives,,['Vietnam']
Air Force Says U.S. Shell Shot Down American Jet,1967-07-15,https://www.nytimes.com/1967/07/15/archives/air-force-says-us-shell-shot-down-american-jet.html,article,,Archives,,Archives,,['Vietnam']
Poles Send Milk to Haiphong,1967-07-15,https://www.nytimes.com/1967/07/15/archives/poles-send-milk-to-haiphong.html,article,,Archives,,Archives,,['Vietnam']
RUSK LINKS PEACE AND FOREIGN AID; Tells Senate Unit U.S. Must Pay to Help Shape World RUSK LINKS PEACE AND FOREIGN AID,1967-07-15,https://www.nytimes.com/1967/07/15/archives/rusk-links-peace-and-foreign-aid-tells-senate-unit-us-must-pay-to.html,article,,Archives,By Felix Belair Jr. Special To the New York Times,Archives,,['Vietnam']
"12 AMERICANS DIE IN ROCKET ATTACK ON DANANG BASE; 40 Wounded and 6 Planes Destroyed Foe Raids a Jail, Freeing Prisoners 12 AMERICANS DIE IN ROCKET ATTACK",1967-07-15,https://www.nytimes.com/1967/07/15/archives/12-americans-die-in-rocket-attack-on-danang-base-40-wounded-and-6.html,article,,Archives,,Archives,,['Vietnam']
French Celebrate Bastille Day With Parade and Dancing in the Streets,1967-07-15,https://www.nytimes.com/1967/07/15/archives/french-celebrate-bastille-day-with-parade-and-dancing-in-the.html,article,,Archives,,Archives,,['Vietnam']
The Vietnamese Elections,1967-07-15,https://www.nytimes.com/1967/07/15/archives/the-vietnamese-elections.html,article,,Archives,,Archives,,[]
COLLEGES URGED TO WITHHOLD DATA; Education Council Calls for Resistance to Demands for Student Records HOUSE PANEL IS DEFIED Schools Told Membership Lists of Political Groups Should Be Discontinued COLLEGES URGED TO WITHHOLD DATA,1967-07-15,https://www.nytimes.com/1967/07/15/archives/colleges-urged-to-withhold-data-education-council-calls-for.html,article,,Archives,By Fred M. Hechinger,Archives,,['Vietnam']
Komer Named Ambassador,1967-07-15,https://www.nytimes.com/1967/07/15/archives/komer-named-ambassador.html,article,,Archives,,Archives,,['Vietnam']
Army to Get F.A.A. Equipment,1967-07-16,https://www.nytimes.com/1967/07/16/archives/army-to-get-faa-equipment.html,article,,Archives,,Archives,,['Vietnam']
"Peace, Man, Says Baby Doctor Spock; Dr. Spock (Cont.)",1967-07-16,https://www.nytimes.com/1967/07/16/archives/peace-man-says-baby-doctor-spock-dr-spock-cont.html,article,,Archives,By Richard Reeves,Archives,,['Vietnam']
NEWARK RIOT DEATHS AT 21 AS NEGRO SNIPING WIDENS; HUGHES MAY SEEK U.S. AID; NEW BLAZES FLARE Fire Captain Is Killed  Governor Scores 'Insurrection' Sniping Resumes in Newark Strife; Property Damage Put Well up in Millions' HUGHES MAY ASK FOR U.S. MARSHALS Governor Says Situation Is 'Awful' Fire Captain Slain by Gunfire,1967-07-16,https://www.nytimes.com/1967/07/16/archives/newark-riot-deaths-at-21-as-negro-sniping-widens-hughes-may-seek-us.html,article,,Archives,By Homer Bigart Special To the New York Times,Archives,,['Vietnam']
Letters to the Editor of The Times,1967-07-16,https://www.nytimes.com/1967/07/16/archives/letters-to-the-editor-of-the-times.html,article,,Archives,,Archives,,['Vietnam']
Foundation Formed To Aid Vietnamese Honors Late Writer,1967-07-16,https://www.nytimes.com/1967/07/16/archives/foundation-formed-to-aid-vietnamese-honors-late-writer.html,article,,Archives,,Archives,,['Vietnam']
Marcos in Saigon to Visit Philippines' Vietnam Force,1967-07-16,https://www.nytimes.com/1967/07/16/archives/marcos-in-saigon-to-visit-philippines-vietnam-force.html,article,,Archives,,Archives,,['Vietnam']
Poll Finds Most Members Support Labor Policies,1967-07-16,https://www.nytimes.com/1967/07/16/archives/poll-finds-most-members-support-labor-policies.html,article,,Archives,By David R. Jones Special To the New York Times,Archives,,['Vietnam']
SENATE ELECTION IS SAIGON PUZZLE; Group's Power to Be Broad  Voting System Unwieldy,1967-07-16,https://www.nytimes.com/1967/07/16/archives/senate-election-is-saigon-puzzle-groups-power-to-be-broad-voting.html,article,,Archives,By R.w. Apple Jr. Special To the New York Times,Archives,,"['Vietnam', 'Vietnam']"
Newark Rioting Assailed By Meeting of N.A.A.C.P.; N.A.A.C.P. Hits Newark Riots; City's Officials Also Criticized,1967-07-16,https://www.nytimes.com/1967/07/16/archives/newark-rioting-assailed-by-meeting-of-naacp-naacp-hits-newark-riots.html,article,,Archives,By M.s. Handler Special To the New York Times,Archives,,['Vietnam']
CIVILIAN CASUALTIES ARE SAID TO BE HIGH,1967-07-16,https://www.nytimes.com/1967/07/16/archives/civilian-casualties-are-said-to-be-high.html,article,,Archives,,Archives,,['Vietnam']
U.S. SENDS SOVIET 2D NOTE OF REGRET; Admits Another Ship May Have Been Hit at Haiphong,1967-07-16,https://www.nytimes.com/1967/07/16/archives/us-sends-soviet-2d-note-of-regret-admits-another-ship-may-have-been.html,article,,Archives,By Henry Kamm Special To the New York Times,Archives,,['Vietnam']
U.S. Offers Gold for Aid To Pilots Down in North; REWARD OFFERED FOR AID TO PILOTS,1967-07-16,https://www.nytimes.com/1967/07/16/archives/us-offers-gold-for-aid-to-pilots-down-in-north-reward-offered-for.html,article,,Archives,,Archives,,"['Vietnam', 'Vietnam', 'Vietnam', 'Vietnam', 'Vietnam']"
Science; The 'People Sniffer' Goes to War in Vietnam,1967-07-16,https://www.nytimes.com/1967/07/16/archives/science-the-people-sniffer-goes-to-war-in-vietnam.html,article,,Archives,,Archives,,['Vietnam']
DANANG STUNNED IN WAKE OF RAID; U.S. Officers See No Way to Shield Against Rockets,1967-07-16,https://www.nytimes.com/1967/07/16/archives/danang-stunned-in-wake-of-raid-us-officers-see-no-way-to-shield.html,article,,Archives,,Archives,,['Vietnam']
Vietnam; 4 Compromise on Troops ,1967-07-16,https://www.nytimes.com/1967/07/16/archives/vietnam-4-compromise-on-troops.html,article,,Archives,,Archives,,[]
Fully Committed; Committed Committed,1967-07-16,https://www.nytimes.com/1967/07/16/archives/fully-committed-committed-committed.html,article,,Archives,By Henry Steele Commager,Archives,,['Vietnam']
Ky Regime Is Slow in Pushing Agrarian Reform; Landless Farmers Have Had Little Help From Saigon in the Last Decade,1967-07-17,https://www.nytimes.com/1967/07/17/archives/ky-regime-is-slow-in-pushing-agrarian-reform-landless-farmers-have.html,article,,Archives,By Tom Buckley Special To the New York Times,Archives,,['Vietnam']
Letters to the Editor of The Times,1967-07-17,https://www.nytimes.com/1967/07/17/archives/letters-to-the-editor-of-the-times.html,article,,Archives,,Archives,,['Vietnam']
Wilson Fellows Ask Johnson To Move for Vietnam Peace,1967-07-17,https://www.nytimes.com/1967/07/17/archives/wilson-fellows-ask-johnson-to-move-for-vietnam-peace.html,article,,Archives,,Archives,,['Vietnam']
Marines Meet Heavy Fire In Drive Near Truce Zone; DRIVE BY MARINES MEETS HEAVY FIRE,1967-07-17,https://www.nytimes.com/1967/07/17/archives/marines-meet-heavy-fire-in-drive-near-truce-zone-drive-by-marines.html,article,,Archives,By Bernard Weinraub Special To the New York Times,Archives,,"['Vietnam', 'Vietnam']"
Reunion-in-Hawaii Plan,1967-07-17,https://www.nytimes.com/1967/07/17/archives/reunioninhawaii-plan.html,article,,Archives,,Archives,,['Vietnam']
SHOWCASE PROJECT HALTED BY SAIGON,1967-07-17,https://www.nytimes.com/1967/07/17/archives/showcase-project-halted-by-saigon.html,article,,Archives,,Archives,,['Vietnam']
Marcos Flies to Vietnam To Visit Philippine Unit,1967-07-17,https://www.nytimes.com/1967/07/17/archives/marcos-flies-to-vietnam-to-visit-philippine-unit.html,article,,Archives,,Archives,,['Vietnam']
Lynd Rebuffed on Application To Join Chicago State College; Board of Governors Asserts His Visit to North Vietnam Was Not 'Mere Dissent',1967-07-18,https://www.nytimes.com/1967/07/18/archives/lynd-rebuffed-on-application-to-join-chicago-state-college-board-of.html,article,,Archives,By Donald Janson Special To the New York Times,Archives,,['Vietnam']
Letters to the Editor of The Times,1967-07-18,https://www.nytimes.com/1967/07/18/archives/letters-to-the-editor-of-the-times.html,article,,Archives,,Archives,,['Vietnam']
Antiwar Demonstrators Are Ejected at Pentagon,1967-07-18,https://www.nytimes.com/1967/07/18/archives/antiwar-demonstrators-are-ejected-at-pentagon.html,article,,Archives,,Archives,,['Vietnam']
U.S. Statement on P.O.W.'s,1967-07-18,https://www.nytimes.com/1967/07/18/archives/us-statement-on-pows.html,article,,Archives,,Archives,,['Vietnam']
U.S. SAID TO DECIDE TO CEASE BOMBING,1967-07-18,https://www.nytimes.com/1967/07/18/archives/us-said-to-decide-to-cease-bombing.html,article,,Archives,,Archives,,['Vietnam']
"16 VIETCONG DIE IN 10-HOUR CLASH; Battle Follows Raid in Which Foe Freed 1,200 in Jail",1967-07-18,https://www.nytimes.com/1967/07/18/archives/16-vietcong-die-in-10hour-clash-battle-follows-raid-in-which-foe.html,article,,Archives,,Archives,,"['Vietnam', 'Vietnam', 'Vietnam']"
Spock Says He Will Run as Peace Candidate in 1968 if Asked,1967-07-18,https://www.nytimes.com/1967/07/18/archives/spock-says-he-will-run-as-peace-candidate-in-1968-if-asked.html,article,,Archives,By Nan Robertson Special To the New York Times,Archives,,['Vietnam']
WHITE HOUSE PLEA SENT TO VIETCONG; Calls on Them and Hanoi to Allow P.O.W. Inspection,1967-07-18,https://www.nytimes.com/1967/07/18/archives/white-house-plea-sent-to-vietcong-calls-on-them-and-hanoi-to-allow.html,article,,Archives,By Max Frankel Special To the New York Times,Archives,,['Vietnam']
Australia Will Test G.I.'s,1967-07-18,https://www.nytimes.com/1967/07/18/archives/australia-will-test-gis.html,article,,Archives,,Archives,,['Vietnam']
8 IN G.O.P. SAY U.S. MUST PUSH FEELERS,1967-07-18,https://www.nytimes.com/1967/07/18/archives/8-in-gop-say-us-must-push-feelers.html,article,,Archives,,Archives,,['Vietnam']
U.S. CASUALTIES EXCEED SAIGON'S; Figures Since May 1 Indicate That Burden of Fighting in Vietnam Has Shifted,1967-07-18,https://www.nytimes.com/1967/07/18/archives/us-casualties-exceed-saigons-figures-since-may-1-indicate-that.html,article,,Archives,,Archives,,"['Vietnam', 'Vietnam']"
South Vietnam Stressing Vegetable Production; Economists Trying to Control Inflation and Reduce Great Dependence on Imports,1967-07-18,https://www.nytimes.com/1967/07/18/archives/south-vietnam-stressing-vegetable-production-economists-trying-to.html,article,,Archives,By R.w. Apple Jr. Special To the New York Times,Archives,,['Vietnam']
Casualties Identified.,1967-07-18,https://www.nytimes.com/1967/07/18/archives/casualties-identified.html,article,,Archives,,Archives,,['Vietnam']
Lodge Says Vietnam War Hinges on Police Techniques,1967-07-18,https://www.nytimes.com/1967/07/18/archives/lodge-says-vietnam-war-hinges-on-police-techniques.html,article,,Archives,,Archives,,['Vietnam']
Electoral Group Balks On Thieu-Ky Candidacy,1967-07-18,https://www.nytimes.com/1967/07/18/archives/electoral-group-balks-on-thieuky-candidacy.html,article,,Archives,,Archives,,['Vietnam']
How Many Troops for Victory?,1967-07-18,https://www.nytimes.com/1967/07/18/archives/how-many-troops-for-victory.html,article,,Archives,,Archives,,"['Vietnam', 'Vietnam']"
BRITAIN WILL QUIT BIG ASIAN BASES BY THE MID-1970'S; End of 'East of Suez' Role Foreshadowed--Defense Spending Will Be Cut,1967-07-19,https://www.nytimes.com/1967/07/19/archives/britain-will-quit-big-asian-bases-by-the-mid1970s-end-of-east-of.html,article,,Archives,By Dana Adams Schmidt Special To the New York Times,Archives,,['Vietnam']
Text of President's News Conference on Rail Mediation Panel and Other Matters,1967-07-19,https://www.nytimes.com/1967/07/19/archives/text-of-presidents-news-conference-on-rail-mediation-panel-and.html,article,,Archives,,Archives,,"['Vietnam', 'Vietnam', 'Vietnam', 'Vietnam']"
U.S. Reports No Change In Vietnam Bombing Policy,1967-07-19,https://www.nytimes.com/1967/07/19/archives/us-reports-no-change-in-vietnam-bombing-policy.html,article,,Archives,,Archives,,['Vietnam']
"611TH U.S. PLANE DOWNED IN NORTH; Jet, 15th This Month, Lost During Raids Near Hanoi",1967-07-19,https://www.nytimes.com/1967/07/19/archives/611th-us-plane-downed-in-north-jet-15th-this-month-lost-during.html,article,,Archives,By Tom Buckley Special To the New York Times,Archives,,"['Vietnam', 'Vietnam', 'Vietnam']"
Attacks on 345 Schools Laid to U.S. by Hanoi Aide,1967-07-19,https://www.nytimes.com/1967/07/19/archives/attacks-on-345-schools-laid-to-us-by-hanoi-aide.html,article,,Archives,,Archives,,['Vietnam']
7 Tickets Excluded From Saigon Ballot; Seven Slates Barred in Saigon; Assembly Backs Thieu and Ky,1967-07-19,https://www.nytimes.com/1967/07/19/archives/7-tickets-excluded-from-saigon-ballot-seven-slates-barred-in-saigon.html,article,,Archives,By R.w. Apple Jr. Special To the New York Times,Archives,,['Vietnam']
Prisoners of War,1967-07-20,https://www.nytimes.com/1967/07/20/archives/prisoners-of-war.html,article,,Archives,,Archives,,"['Vietnam', 'Vietnam']"
U.S. JETS IN NORTH HIT 4 MISSILE SITES; Air Force Phantoms Clash With 8 MIG's Near Hanoi,1967-07-20,https://www.nytimes.com/1967/07/20/archives/us-jets-in-north-hit-4-missile-sites-air-force-phantoms-clash-with.html,article,,Archives,,Archives,,"['Vietnam', 'Vietnam']"
Rusk Asserts Foe Is 'Hurting Badly'; RUSK SAYS ENEMY IS 'HURTING BADLY',1967-07-20,https://www.nytimes.com/1967/07/20/archives/rusk-asserts-foe-is-hurting-badly-rusk-says-enemy-is-hurting-badly.html,article,,Archives,,Archives,,['Vietnam']
Peace Corps Eases Curb on Protests By Its Volunteers,1967-07-20,https://www.nytimes.com/1967/07/20/archives/peace-corps-eases-curb-on-protests-by-its-volunteers.html,article,,Archives,,Archives,,['Vietnam']
"Edgy New York Troops, With 2 Months to Go, Talk and Talk of Their City",1967-07-20,https://www.nytimes.com/1967/07/20/archives/edgy-new-york-troops-with-2-months-to-go-talk-and-talk-of-their.html,article,,Archives,By Bernard Weinraub Special To the New York Times,Archives,,['Vietnam']
4 G.I.'S ON TV FILM KILLED IN VIETNAM,1967-07-20,https://www.nytimes.com/1967/07/20/archives/4-gis-on-tv-film-killed-in-vietnam.html,article,,Archives,,Archives,,"['Vietnam', 'Vietnam']"
White House to Shift Posts of 3 Experts On Southeast Asia,1967-07-20,https://www.nytimes.com/1967/07/20/archives/white-house-to-shift-posts-of-3-experts-on-southeast-asia.html,article,,Archives,,Archives,,['Vietnam']
SAIGON TO RELAX PRESS CENSORSHIP; Ky Says Regime Will Ease Curbs on Political News,1967-07-20,https://www.nytimes.com/1967/07/20/archives/saigon-to-relax-press-censorship-ky-says-regime-will-ease-curbs-on.html,article,,Archives,By R.w. Apple Jr. Special To the New York Times,Archives,,"['Vietnam', 'Vietnam', 'Vietnam']"
JOHNSON SENDING 2 AIDES TO PRESS ALLIES FOR TROOPS; Taylor and Clifford to Visit 6 Nations With Forces Fighting in Vietnam THEY LEAVE TOMORROW Leaders Will Be Consulted on Holding New Talks by Heads of Government Johnson Sending 2 Aides to Press Vietnam Allies for Troops,1967-07-21,https://www.nytimes.com/1967/07/21/archives/johnson-sending-2-aides-to-press-allies-for-troops-taylor-and.html,article,,Archives,By Max Frankel Special To the New York Times,Archives,,"['Vietnam', 'Vietnam']"
TRANSPORT NEWS: 39 NEW OFFICERS; Graduation Will Enable 20 Ships to Sail for Vietnam,1967-07-21,https://www.nytimes.com/1967/07/21/archives/transport-news-39-new-officers-graduation-will-enable-20-ships-to.html,article,,Archives,,Archives,,[]
U.S. Adding 12 Miles to Vietnam Barrier Strip; Opponents of Project View It as Shift to Static Defense Mines and Electronic Devices Aimed Against Infiltrators,1967-07-21,https://www.nytimes.com/1967/07/21/archives/us-adding-12-miles-to-vietnam-barrier-strip-opponents-of-project.html,article,,Archives,By Hanson W. Baldwin,Archives,,"['Vietnam', 'Vietnam']"
South Vietnamese Marines Get Off to Muddy Start in Delta Operation,1967-07-21,https://www.nytimes.com/1967/07/21/archives/south-vietnamese-marines-get-off-to-muddy-start-in-delta-operation.html,article,,Archives,,Archives,,[]
Hanoi Charges U.S. Bombing Killed Many Villagers July 13,1967-07-21,https://www.nytimes.com/1967/07/21/archives/hanoi-charges-us-bombing-killed-many-villagers-july-13.html,article,,Archives,,Archives,,"['Vietnam', 'Vietnam']"
Treasury Asks Prosecution Over Medicine to Haiphong,1967-07-21,https://www.nytimes.com/1967/07/21/archives/treasury-asks-prosecution-over-medicine-to-haiphong.html,article,,Archives,,Archives,,['Vietnam']
U.S. Plans to Triple Payments To Defectors From the Vietcong,1967-07-21,https://www.nytimes.com/1967/07/21/archives/us-plans-to-triple-payments-to-defectors-from-the-vietcong.html,article,,Archives,,Archives,,['Vietnam']
22 Prisoners of Vietcong Reported Freed by G.I.'s,1967-07-21,https://www.nytimes.com/1967/07/21/archives/22-prisoners-of-vietcong-reported-freed-by-gis.html,article,,Archives,,Archives,,['Vietnam']
"U.S. FLIERS DOWN 3 MIG'S IN NORTH; In South, American Combat Deaths Decline in Week U.S. FLIERS DOWN 3 MIG'S IN NORTH",1967-07-21,https://www.nytimes.com/1967/07/21/archives/us-fliers-down-3-migs-in-north-in-south-american-combat-deaths.html,article,,Archives,,Archives,,"['Vietnam', 'Vietnam', 'Vietnam']"
Big Crater in Dike Near Hanoi Is Laid To U.S. Bombing,1967-07-22,https://www.nytimes.com/1967/07/22/archives/big-crater-in-dike-near-hanoi-is-laid-to-us-bombing.html,article,,Archives,,Archives,,['Vietnam']
SLATES FOR SENATE ARE CUT IN SAIGON; Radical and Peace Tickets Are Ruled Off Ballot,1967-07-22,https://www.nytimes.com/1967/07/22/archives/slates-for-senate-are-cut-in-saigon-radical-and-peace-tickets-are.html,article,,Archives,By R.w. Apple Jr. Special To the New York Times,Archives,,['Vietnam']
McNamara Defends Statements On Course of War in Vietnam,1967-07-22,https://www.nytimes.com/1967/07/22/archives/mcnamara-defends-statements-on-course-of-war-in-vietnam.html,article,,Archives,,Archives,,['Vietnam']
Jerseyan Killed in Vietnam,1967-07-22,https://www.nytimes.com/1967/07/22/archives/jerseyan-killed-in-vietnam.html,article,,Archives,,Archives,,[]
Strike Set to Music Wins Cheers; Coast Troupe Makes Even 'Scab' Sound Lyrical in Spanish,1967-07-22,https://www.nytimes.com/1967/07/22/archives/strike-set-to-music-wins-cheers-coast-troupe-makes-even-scab-sound.html,article,,Archives,By Edwin Bolwell,Archives,,['Vietnam']
DEFICIT IN BUDGET HITS $9.9-BILLION AS WAR COSTS RISE; Exceeds Johnson's Original Estimate for Fiscal Year 1967 by $8.1-Billion BELOW REVISED FIGURE $11-Billion Indicated in May --Final Total 2d Highest Since World War II,1967-07-22,https://www.nytimes.com/1967/07/22/archives/deficit-in-budget-hits-99billion-as-war-costs-rise-exceeds-johnsons.html,article,,Archives,By Edwin L. Dale Jr. Special To the New York Times,Archives,,['Vietnam']
Hanoi Gets Appeal By China to Rebuff Soviet on Ideology,1967-07-22,https://www.nytimes.com/1967/07/22/archives/hanoi-gets-appeal-by-china-to-rebuff-soviet-on-ideology.html,article,,Archives,,Archives,,"['Vietnam', 'Vietnam']"
Eisenhower Scores War of Gradualism'; Eisenhower Scores 'War of Gradualism' in Asia,1967-07-22,https://www.nytimes.com/1967/07/22/archives/eisenhower-scores-war-of-gradualism-eisenhower-scores-war-of.html,article,,Archives,By David R. Jones Special To the New York Times,Archives,,['Vietnam']
"G.I. FORCE EVADES TRAP AND KILLS 90; Outnumbered Unit Puts Its Dead at 13--Ky Announces a 50,000-Man Build-Up",1967-07-22,https://www.nytimes.com/1967/07/22/archives/gi-force-evades-trap-and-kills-90-outnumbered-unit-puts-its-dead-at.html,article,,Archives,By Tom Buckley Special To the New York Times,Archives,,"['Vietnam', 'Vietnam']"
"M'KISSICK HOLDS END OF VIOLENCE IS UP TO WHITES; CORE Leader, at Meeting on Black Power, Warns of Further Rioting",1967-07-22,https://www.nytimes.com/1967/07/22/archives/mkissick-holds-end-of-violence-is-up-to-whites-core-leader-at.html,article,,Archives,By Thomas A. Johnson Special To the New York Times,Archives,,['Vietnam']
U.S. IS PLANNING RISE IN ADVISERS FOR SAIGON UNITS; 50 Per Cent Increase Likely --Goal Is a Step-Up in Combat Effectiveness OTHER MOVES WEIGHED South Vietnamese May Get a Request to Expand Their Local Forces by a Third,1967-07-23,https://www.nytimes.com/1967/07/23/archives/us-is-planning-rise-in-advisers-for-saigon-units-50-per-cent.html,article,,Archives,By William Beecher Special To the New York Times,Archives,,"['Vietnam', 'Vietnam']"
Australians' Fence Impedes Vietcong,1967-07-23,https://www.nytimes.com/1967/07/23/archives/australians-fence-impedes-vietcong.html,article,,Archives,,Archives,,['Vietnam']
Article 1 -- No Title,1967-07-23,https://www.nytimes.com/1967/07/23/archives/article-1-no-title.html,article,,Archives,,Archives,,['Vietnam']
Letters,1967-07-23,https://www.nytimes.com/1967/07/23/archives/letters.html,article,,Archives,,Archives,,['Vietnam']
Carrier Hancock Returns,1967-07-23,https://www.nytimes.com/1967/07/23/archives/carrier-hancock-returns.html,article,,Archives,,Archives,,['Vietnam']
Brother of Hertz Gets A Vietcong Cablegram,1967-07-23,https://www.nytimes.com/1967/07/23/archives/brother-of-hertz-gets-a-vietcong-cablegram.html,article,,Archives,,Archives,,['Vietnam']
Vietnam's Elections,1967-07-23,https://www.nytimes.com/1967/07/23/archives/vietnams-elections.html,article,,Archives,,Archives,,['Vietnam']
Hanoi Claims 5 U.S. Planes,1967-07-23,https://www.nytimes.com/1967/07/23/archives/hanoi-claims-5-us-planes.html,article,,Archives,,Archives,,"['Vietnam', 'Vietnam']"
Questions on Troop Use,1967-07-23,https://www.nytimes.com/1967/07/23/archives/questions-on-troop-use.html,article,,Archives,,Archives,,['Vietnam']
Seoul Weighs U.S. Request,1967-07-23,https://www.nytimes.com/1967/07/23/archives/seoul-weighs-us-request.html,article,,Archives,,Archives,,"['Vietnam', 'Vietnam']"
Hanoi's 'Hero' Stirs Propaganda War; PROPAGANDA WAR RAGES OVER 'HERO',1967-07-23,https://www.nytimes.com/1967/07/23/archives/hanois-hero-stirs-propaganda-war-propaganda-war-rages-over-hero.html,article,,Archives,By Bernard Weinraub Special To the New York Times,Archives,,['Vietnam']
Reorganization Pledged,1967-07-23,https://www.nytimes.com/1967/07/23/archives/reorganization-pledged.html,article,,Archives,By R.w. Apple Jr. Special To the New York Times,Archives,,"['Vietnam', 'Vietnam', 'Vietnam']"
Aden Is a 'Little Vietnam' For Britain; Aden Is a 'Little Vietnam' (Cont.),1967-07-23,https://www.nytimes.com/1967/07/23/archives/aden-is-a-little-vietnam-for-britain-aden-is-a-little-vietnam-cont.html,article,,Archives,BY Hedrick Smith,Archives,,[]
Vietnam; Election Misgivings,1967-07-23,https://www.nytimes.com/1967/07/23/archives/vietnam-election-misgivings.html,article,,Archives,,Archives,,[]
Eisenhower's Proposal on War Runs Into Bipartisan Opposition,1967-07-23,https://www.nytimes.com/1967/07/23/archives/eisenhowers-proposal-on-war-runs-into-bipartisan-opposition.html,article,,Archives,,Archives,,['Vietnam']
FIGHTING RENEWED NEAR BUFFER ZONE; 9 Marines Killed in 5-Hour Action Near Khesanh After a 2-Week Lull Fighting Near the Buffer Zone Kills 9 Marines and Wounds 30,1967-07-23,https://www.nytimes.com/1967/07/23/archives/fighting-renewed-near-buffer-zone-9-marines-killed-in-5hour-action.html,article,,Archives,By Tom Buckley Special To the New York Times,Archives,,"['Vietnam', 'Vietnam', 'Vietnam']"
G.I.'s Inflict Heavy Losses on Enemy Battalion; American Deaths Put at 19-- Foe Shells Delta Hospital,1967-07-24,https://www.nytimes.com/1967/07/24/archives/gis-inflict-heavy-losses-on-enemy-battalion-american-deaths-put-at.html,article,,Archives,By Tom Buckley Special To the New York Times,Archives,,"['Vietnam', 'Vietnam']"
Antiwar Student Leader Is Killed in Store in Austin,1967-07-24,https://www.nytimes.com/1967/07/24/archives/antiwar-student-leader-is-killed-in-store-in-austin.html,article,,Archives,,Archives,,['Vietnam']
"Boat Crews in Mekong Delta Eager to Find Foe; 14-Hour-a-Day Stretches on River Can Be Boring, but Action Sometimes Flares",1967-07-24,https://www.nytimes.com/1967/07/24/archives/boat-crews-in-mekong-delta-eager-to-find-foe-14houraday-stretches.html,article,,Archives,,Archives,,['Vietnam']
Johnson Said to Rule Out Shift Now in Bombing Rate; Johnson Said to Bar Change in Vietnam Bombing,1967-07-24,https://www.nytimes.com/1967/07/24/archives/johnson-said-to-rule-out-shift-now-in-bombing-rate-johnson-said-to.html,article,,Archives,By William Beecher Special To the New York Times,Archives,,"['Vietnam', 'Vietnam', 'Vietnam']"
A SPLIT IS DENIED BY WESTMORELAND; General Asserts McNamara Did Not Charge Inefficiency,1967-07-24,https://www.nytimes.com/1967/07/24/archives/a-split-is-denied-by-westmoreland-general-asserts-mcnamara-did-not.html,article,,Archives,By R.w. Apple Jr. Special To the New York Times,Archives,,"['Vietnam', 'Vietnam', 'Vietnam', 'Vietnam', 'Vietnam']"
"25 Northern Soldiers Killed in Buffer Zone Battle, South Vietnam Says",1967-07-25,https://www.nytimes.com/1967/07/25/archives/25-northern-soldiers-killed-in-buffer-zone-battle-south-vietnam.html,article,,Archives,,Archives,,"['Vietnam', 'Vietnam', 'Vietnam']"
Court Martial Averted,1967-07-25,https://www.nytimes.com/1967/07/25/archives/court-martial-averted.html,article,,Archives,,Archives,,['Vietnam']
RUMANIA AFFIRMS CLOSE SOVIET TIES AS A BASIC POLICY; But Ceausescu Also Notes Differences of Views on Mideast and Atom Pact RUMANIA AFFIRMS CLOSE SOVIET TIES,1967-07-25,https://www.nytimes.com/1967/07/25/archives/rumania-affirms-close-soviet-ties-as-a-basic-policy-but-ceausescu-a.html,article,,Archives,By Richard Eder Special To the New York Times,Archives,,['Vietnam']
Aides See Saigon Leaders,1967-07-26,https://www.nytimes.com/1967/07/26/archives/aides-see-saigon-leaders.html,article,,Archives,,Archives,,['Vietnam']
Wisconsin's New Primary Law Signed by Governor,1967-07-26,https://www.nytimes.com/1967/07/26/archives/wisconsins-new-primary-law-signed-by-governor.html,article,,Archives,By Donald Janson Special To the New York Times,Archives,,['Vietnam']
U.S. Sea-Air Attack Blasts Power Plant; U.S. Sea-Air Attack Blasts North Vietnam Plant,1967-07-26,https://www.nytimes.com/1967/07/26/archives/us-seaair-attack-blasts-power-plant-us-seaair-attack-blasts-north.html,article,,Archives,,Archives,,"['Vietnam', 'Vietnam', 'Vietnam', 'Vietnam']"
"Officials of Hanoi and Vietcong, In Cuba, Are Sure of U.S. Defeat",1967-07-26,https://www.nytimes.com/1967/07/26/archives/officials-of-hanoi-and-vietcong-in-cuba-are-sure-of-us-defeat.html,article,,Archives,By James Reston Special To the New York Times,Archives,,['Vietnam']
"Dirt and Bamboo Shelters Resist Bombing, Hanoi says",1967-07-26,https://www.nytimes.com/1967/07/26/archives/dirt-and-bamboo-shelters-resist-bombing-hanoi-says.html,article,,Archives,,Archives,,['Vietnam']
Vietcong Night Raiders Slay Six as Informers; Khaki-Clad Terrorists Pose as Militiamen and Push Their Way Into Huts,1967-07-26,https://www.nytimes.com/1967/07/26/archives/vietcong-night-raiders-slay-six-as-informers-khakiclad-terrorists.html,article,,Archives,By Tom Buckley Special To the New York Times,Archives,,['Vietnam']
WAR PROTESTERS IN OKLAHOMA JAIL; Trespass Charged to Pair Who Gave G.I.'s Books,1967-07-27,https://www.nytimes.com/1967/07/27/archives/war-protesters-in-oklahoma-jail-trespass-charged-to-pair-who-gave.html,article,,Archives,,Archives,,['Vietnam']
G.I. GETS 10 YEARS IN VIETNAM DEATH; 4 Other Americans Accused of Killing Vietcong Suspect,1967-07-27,https://www.nytimes.com/1967/07/27/archives/gi-gets-10-years-in-vietnam-death-4-other-americans-accused-of.html,article,,Archives,By Bernard Weinraub Special To the New York Times,Archives,,['Vietnam']
FOE SHELLS BASE; 11 G.I.'S ARE DEAD; Vietcong Attack on Airfield Also Leaves 43 Wounded B-52's Bomb North of Buffer 11 G.I.'S ARE KILLED IN ATTACK AT BASE,1967-07-27,https://www.nytimes.com/1967/07/27/archives/foe-shells-base-11-gis-are-dead-vietcong-attack-on-airfield-also.html,article,,Archives,By Reutersby R.w. Apple Jr. Special To the New York Times,Archives,,"['Vietnam', 'Vietnam', 'Vietnam']"
"Dam in North Vietnam Hit 4 Days in Row, Hanoi Says",1967-07-27,https://www.nytimes.com/1967/07/27/archives/dam-in-north-vietnam-hit-4-days-in-row-hanoi-says.html,article,,Archives,,Archives,,"['Vietnam', 'Vietnam']"
Casualties of Vietnam War From This Area Are Listed,1967-07-27,https://www.nytimes.com/1967/07/27/archives/casualties-of-vietnam-war-from-this-area-are-listed.html,article,,Archives,,Archives,,[]
McGovern Decries Wheat Cuts; Freeman Feared Grain Surplus; Senator Says People in U.S. and Abroad Go Hungry  Scores Food Aid Plan,1967-07-27,https://www.nytimes.com/1967/07/27/archives/mcgovern-decries-wheat-cuts-freeman-feared-grain-surplus-senator.html,article,,Archives,By Felix Belair Jr. Special To the New York Times,Archives,,['Vietnam']
Two Envoys of Johnson Won't Stop in Philippines,1967-07-28,https://www.nytimes.com/1967/07/28/archives/two-envoys-of-johnson-wont-stop-in-philippines.html,article,,Archives,,Archives,,"['Vietnam', 'Vietnam']"
Asian Allies and the War; Trip by 2 Johnson Envoys Described As Primarily a Reassurance Gesture,1967-07-28,https://www.nytimes.com/1967/07/28/archives/asian-allies-and-the-war-trip-by-2-johnson-envoys-described-as.html,article,,Archives,By R.w. Apple Jr. Special To the New York Times,Archives,,"['Vietnam', 'Vietnam']"
MANY BIG BATTLES IN HIGHLANDS SEEN; Departing General Points to Enemy's Strength There,1967-07-28,https://www.nytimes.com/1967/07/28/archives/many-big-battles-in-highlands-seen-departing-general-points-to.html,article,,Archives,By Tom Buckley Special To the New York Times,Archives,,"['Vietnam', 'Vietnam', 'Vietnam', 'Vietnam', 'Vietnam', 'Vietnam']"
Politics Complicates Peace Corps Task in Chile,1967-07-28,https://www.nytimes.com/1967/07/28/archives/politics-complicates-peace-corps-task-in-chile.html,article,,Archives,By Barnard L. Collier Special To the New York Times,Archives,,['Vietnam']
"KY TO ADD 65,000 TO ARMED FORCES; Total Is 10,000 More Than Figure Given Last Week",1967-07-28,https://www.nytimes.com/1967/07/28/archives/ky-to-add-65000-to-armed-forces-total-is-10000-more-than-figure.html,article,,Archives,,Archives,,"['Vietnam', 'Vietnam', 'Vietnam', 'Vietnam', 'Vietnam']"
Burlap Bags Serve as Makeshift Blindfolds for Vietcong Suspects; U.S. Captain Cleared in Vietnam Suspect's Death,1967-07-28,https://www.nytimes.com/1967/07/28/archives/burlap-bags-serve-as-makeshift-blindfolds-for-vietcong-suspects-us.html,article,,Archives,By Bernard Weinraub Special To the New York Times,Archives,,"['Vietnam', 'Vietnam']"
Carmichael Urges a 'Vietnam' in U.S,1967-07-28,https://www.nytimes.com/1967/07/28/archives/carmichael-urges-a-vietnam-in-us.html,article,,Archives,,Archives,,[]
Senator Cooper Urges Unconditional Halt in Bombing,1967-07-28,https://www.nytimes.com/1967/07/28/archives/senator-cooper-urges-unconditional-halt-in-bombing.html,article,,Archives,,Archives,,['Vietnam']
South Vietnamese Tell U.N. Cambodia Shelters Vietcong,1967-07-29,https://www.nytimes.com/1967/07/29/archives/south-vietnamese-tell-un-cambodia-shelters-vietcong.html,article,,Archives,,Archives,,['Vietnam']
Vietnam Dead Identified,1967-07-29,https://www.nytimes.com/1967/07/29/archives/vietnam-dead-identified.html,article,,Archives,,Archives,,[]
JAPANESE SEE WAR AS NEGRO IRRITANT; 2 Papers Tie U.S. Unrest to War Costs and Poverty,1967-07-29,https://www.nytimes.com/1967/07/29/archives/japanese-see-war-as-negro-irritant-2-papers-tie-us-unrest-to-war.html,article,,Archives,By Robert Trumbull Special To the New York Times,Archives,,"['Vietnam', 'Vietnam']"
2 Johnson Envoys Arrive In Manila With Jet Trouble,1967-07-29,https://www.nytimes.com/1967/07/29/archives/2-johnson-envoys-arrive-in-manila-with-jet-trouble.html,article,,Archives,,Archives,,"['Vietnam', 'Vietnam']"
Saigon to Take Over Schools,1967-07-29,https://www.nytimes.com/1967/07/29/archives/saigon-to-take-over-schools.html,article,,Archives,,Archives,,['Vietnam']
SHIP OFF VIETNAM; Men Sighted in Water --Falling Fuel Tank Set Off Blaze,1967-07-29,https://www.nytimes.com/1967/07/29/archives/ship-off-vietnam-men-sighted-in-water-falling-fuel-tank-set-off.html,article,,Archives,,Archives,,['Vietnam']
U.S. Reports 7 Planes Lost In Raids on North Vietnam; U.S. Discloses Loss of 7 Planes And Copter Over North Vietnam,1967-07-29,https://www.nytimes.com/1967/07/29/archives/us-reports-7-planes-lost-in-raids-on-north-vietnam-us-discloses.html,article,,Archives,By Tom Buckley Special To the New York Times,Archives,,"['Vietnam', 'Vietnam', 'Vietnam']"
G.M.A.C. Issue Sold; BONDS END WEEK ON STRONG NOTE,1967-07-29,https://www.nytimes.com/1967/07/29/archives/gmac-issue-sold-bonds-end-week-on-strong-note.html,article,,Archives,,Archives,,['Vietnam']
That 'Other' War--Vietnam,1967-07-29,https://www.nytimes.com/1967/07/29/archives/that-other-warvietnam.html,article,,Archives,,Archives,,"['Vietnam', 'Vietnam']"
Hanoi Denounces Buffer Raids,1967-07-29,https://www.nytimes.com/1967/07/29/archives/hanoi-denounces-buffer-raids.html,article,,Archives,,Archives,,"['Vietnam', 'Vietnam']"
U.S. Jets From Thailand Hit Barracks Near Hanoi; Barracks Near Hanoi Raided By U.S. Jets From Thailand,1967-07-30,https://www.nytimes.com/1967/07/30/archives/us-jets-from-thailand-hit-barracks-near-hanoi-barracks-near-hanoi.html,article,,Archives,,Archives,,"['Vietnam', 'Vietnam']"
Castro's Vision; 'Vietnams' for Latins,1967-07-30,https://www.nytimes.com/1967/07/30/archives/castros-vision-vietnams-for-latins.html,article,,Archives,By Herbert L. Matthews,Archives,,[]
Vietnam; How the G.I. Sees It ,1967-07-30,https://www.nytimes.com/1967/07/30/archives/vietnam-how-the-gi-sees-it.html,article,,Archives,,Archives,,[]
2 U.S. Presidential Envoys Face Cool Reaction in Seoul,1967-07-30,https://www.nytimes.com/1967/07/30/archives/2-us-presidential-envoys-face-cool-reaction-in-seoul.html,article,,Archives,,Archives,,"['Vietnam', 'Vietnam', 'Vietnam']"
Gen. Johnson in Vietnam,1967-07-30,https://www.nytimes.com/1967/07/30/archives/gen-johnson-in-vietnam.html,article,,Archives,,Archives,,['Vietnam']
"To Hanoi Reported Rising WASHINGTON, July 29 (AP)  United States intelligence re",1967-07-30,https://www.nytimes.com/1967/07/30/archives/to-hanoi-reported-rising-washington-july-29-ap-united-states.html,article,,Archives,,Archives,,['Vietnam']
General Bars Protesters From G.I.'s Court-Martial,1967-07-30,https://www.nytimes.com/1967/07/30/archives/general-bars-protesters-from-gis-courtmartial.html,article,,Archives,,Archives,,['Vietnam']
2D OFFICER FREED IN VIETNAM DEATH; Lieutenant Cleared by Army Court in Killing of Captive,1967-07-30,https://www.nytimes.com/1967/07/30/archives/2d-officer-freed-in-vietnam-death-lieutenant-cleared-by-army-court.html,article,,Archives,,Archives,,"['Vietnam', 'Vietnam']"
Letters,1967-07-30,https://www.nytimes.com/1967/07/30/archives/letters.html,article,,Archives,,Archives,,['Vietnam']
CONGRESS CLERKS DEBATE VIETNAM; Summer Internes Vex Many Who Prefer Them Silent,1967-07-30,https://www.nytimes.com/1967/07/30/archives/congress-clerks-debate-vietnam-summer-internes-vex-many-who-prefer.html,article,,Archives,,Archives,,['Vietnam']
We Should Encourage The Doves in the Kremlin; We Should Encourage Kremlin Doves (Cont.),1967-07-30,https://www.nytimes.com/1967/07/30/archives/we-should-encourage-the-doves-in-the-kremlin-we-should-encourage.html,article,,Archives,By Roswell L. Gilpatric,Archives,,['Vietnam']
Canadian on Control Unit Expelled by North Vietnam,1967-07-30,https://www.nytimes.com/1967/07/30/archives/canadian-on-control-unit-expelled-by-north-vietnam.html,article,,Archives,,Archives,,['Vietnam']
AT LEAST 70 DEAD IN FORRESTAL FIRE; 89 OTHERS MISSING; 78 Injured Aboard Carrier in Blaze and Explosions Off North Vietnam CRAFT IS OUT OF ACTION She Will Go to Philippines After Delivering Victims to Hospital Ship Repose 70 Crewmen Dead in Fire Aboard Carrier Forrestal Off North Vietnam,1967-07-30,https://www.nytimes.com/1967/07/30/archives/at-least-70-dead-in-forrestal-fire-89-others-missing-78-injured.html,article,,Archives,By R.w. Apple Jr. Special To the New York Times,Archives,,[]
NO NEW U.S. CUTS IN NATO FORESEEN; 3 Officials' Testimony on Europe Troops Disclosed,1967-07-31,https://www.nytimes.com/1967/07/31/archives/no-new-us-cuts-in-nato-foreseen-3-officials-testimony-on-europe.html,article,,Archives,By E.w. Kenworthy Special To the New York Times,Archives,,['Vietnam']
Rusk Believes Recent Riots Won't Alter Vietnam Policy,1967-07-31,https://www.nytimes.com/1967/07/31/archives/rusk-believes-recent-riots-wont-alter-vietnam-policy.html,article,,Archives,,Archives,,['Vietnam']
Hanoi Says 47 U.S. Planes Were Downed in 6 Months,1967-07-31,https://www.nytimes.com/1967/07/31/archives/hanoi-says-47-us-planes-were-downed-in-6-months.html,article,,Archives,,Archives,,"['Vietnam', 'Vietnam']"
Thant Warns on Vietnam 'Holy War',1967-07-31,https://www.nytimes.com/1967/07/31/archives/thant-warns-on-vietnam-holy-war.html,article,,Archives,By George Dugan Special To the New York Times,Archives,,['Vietnam']
Letters to the Editor of The Times,1967-07-31,https://www.nytimes.com/1967/07/31/archives/letters-to-the-editor-of-the-times.html,article,,Archives,,Archives,,['Vietnam']
23 MARINES DEAD IN ENEMY AMBUSH IN BUFFER STRIP; 191 Are Reported Wounded --Column on Way Back From Sweep Into Zone,1967-07-31,https://www.nytimes.com/1967/07/31/archives/23-marines-dead-in-enemy-ambush-in-buffer-strip-191-are-reported.html,article,,Archives,By Tom Buckley Special To the New York Times,Archives,,['Vietnam']
FORRESTAL TOLL MAY REACH 125; 69 STILL MISSING; Rescue Teams Press Search but Little Hope Remains for the Other Crewmen SHIP WAS NEARLY LOST She Leaves Vietnam Combat Zone for Subic Bay Base --Tales of Heroism Told,1967-07-31,https://www.nytimes.com/1967/07/31/archives/forrestal-toll-may-reach-125-69-still-missing-rescue-teams-press.html,article,,Archives,By R. W. Apple Jr. Special To the New York Times,Archives,,[]
52% in Poll Score Johnson's Handling Of War in Vietnam,1967-07-31,https://www.nytimes.com/1967/07/31/archives/52-in-poll-score-johnsons-handling-of-war-in-vietnam.html,article,,Archives,,Archives,,['Vietnam']
6 U.S. PHYSICIANS OFF FOR VIETNAM; Will Conduct a Survey of Civilian War Casualties,1967-07-31,https://www.nytimes.com/1967/07/31/archives/6-us-physicians-off-for-vietnam-will-conduct-a-survey-of-civilian.html,article,,Archives,,Archives,,['Vietnam']
